{
  "controller/App.controller.js": 1708269768285,
  "Component.js": 1708269768281,
  "controller/View_Test.controller.js": 1708275634645,
  "i18n/i18n.properties": 1708270101788,
  "manifest.json": 1708277666489,
  "model/models.js": 1708269768285,
  "Component-dbg.js": 1708269768281,
  "Component.js.map": 1708277666717,
  "controller/View_Test-dbg.controller.js": 1708275634645,
  "controller/View_Test.controller.js.map": 1708277666722,
  "controller/App-dbg.controller.js": 1708269768285,
  "controller/App.controller.js.map": 1708277666727,
  "model/models-dbg.js": 1708269768285,
  "model/models.js.map": 1708277666731,
  "Component-preload.js": 1708277666965,
  "Component-preload.js.map": 1708277666965,
  "view/View_Test.view.xml": 1708277159651,
  "view/App.view.xml": 1708269768289,
  "css/style.css": 1708269768289,
  "index.html": 1708269768281
}